time/episodes,train/learning_rate,rollout/ep_rew_mean,rollout/ep_len_mean,train/ent_coef_loss,train/n_updates,time/fps,time/total_timesteps,train/critic_loss,time/time_elapsed,train/actor_loss,train/ent_coef
4,0.0003,15.32658025,311.5,-1.729672908782959,1145,28,1246,0.04403775930404663,44,-10.709775924682617,0.7094904184341431
8,0.0003,13.747554125,301.5,-3.4480390548706055,2311,27,2412,0.6827062964439392,88,-15.866456031799316,0.5005738735198975
12,0.0003,15.049149916666666,328.6666666666667,-5.645892143249512,3843,25,3944,0.13306021690368652,152,-19.575315475463867,0.3168472945690155
16,0.0003,16.39015775,357.0625,-8.068370819091797,5612,23,5713,0.11435467004776001,248,-21.377634048461914,0.18794497847557068
20,0.0003,14.747611299999997,322.7,-8.708791732788086,6353,22,6454,0.6642646789550781,292,-21.4578857421875,0.15101516246795654
24,0.0003,16.203554999999998,331.875,-10.257988929748535,7864,20,7965,0.16665634512901306,383,-21.13117218017578,0.0978483185172081
28,0.0003,16.41882964285714,327.57142857142856,-10.802520751953125,9071,20,9172,0.24984551966190338,456,-20.518409729003906,0.06946739554405212
32,0.0003,16.67925425,324.4375,-11.419057846069336,10281,19,10382,0.3407256305217743,527,-19.330551147460938,0.04913724213838577
36,0.0003,16.984744250000002,323.6666666666667,-11.563490867614746,11551,19,11652,0.3478643596172333,597,-19.01162338256836,0.034250374883413315
40,0.0003,16.98860685,316.925,-8.416685104370117,12576,19,12677,0.15997697412967682,656,-17.777973175048828,0.0264104176312685
44,0.0003,17.171395818181818,313.6136363636364,-7.024929046630859,13698,19,13799,0.16838426887989044,716,-17.18756103515625,0.020930714905261993
48,0.0003,17.313744916666668,308.2291666666667,-7.103124618530273,14694,19,14795,0.49964290857315063,771,-16.5390567779541,0.016441771760582924
52,0.0003,17.833667230769233,311.86538461538464,-3.8506593704223633,16116,19,16217,0.581358790397644,840,-15.925068855285645,0.012582315132021904
56,0.0003,18.91709253571429,311.17857142857144,-0.7786992788314819,17325,19,17426,0.20678812265396118,907,-14.871068954467773,0.010382509790360928
60,0.0003,19.29243931666667,308.1333333333333,1.631102204322815,18387,19,18488,0.12510836124420166,968,-14.63469123840332,0.008544300682842731
64,0.0003,19.591355171875,304.609375,1.2264713048934937,19394,18,19495,1.2263474464416504,1026,-14.253241539001465,0.008454479277133942
68,0.0003,20.282449176470585,308.47058823529414,1.1173638105392456,20875,18,20976,0.8617414236068726,1104,-13.535985946655273,0.008398868143558502
72,0.0003,20.86931869444444,309.93055555555554,2.1740314960479736,22214,19,22315,0.13638028502464294,1167,-13.025015830993652,0.007736193481832743
76,0.0003,21.177582249999997,307.82894736842104,0.3805205523967743,23294,19,23395,0.6135927438735962,1230,-12.43065071105957,0.007491914555430412
80,0.0003,21.341101024999997,306.25,0.8423140048980713,24399,18,24500,0.8029088973999023,1293,-12.048055648803711,0.00649846950545907
84,0.0003,21.418564857142854,304.9166666666667,-0.39118388295173645,25512,19,25613,0.30532151460647583,1345,-11.6497220993042,0.007442737929522991
88,0.0003,21.240127670454545,299.97727272727275,0.6620309352874756,26297,19,26398,0.1820445954799652,1382,-11.095909118652344,0.007804930210113525
92,0.0003,21.62653494565217,297.8478260869565,1.8600361347198486,27301,19,27402,0.21940822899341583,1428,-10.590217590332031,0.00783866923302412
96,0.0003,21.95375328125,297.7916666666667,-0.5520632266998291,28487,19,28588,0.2330276370048523,1483,-10.820573806762695,0.009422882460057735
100,0.0003,21.99749524,296.47,-0.5846210718154907,29546,19,29647,0.2120743691921234,1541,-10.373556137084961,0.009020235389471054
104,0.0003,22.267787749999997,293.73,1.5645138025283813,30518,19,30619,0.22383689880371094,1590,-10.266538619995117,0.011013319715857506
108,0.0003,22.790642410000004,293.97,-1.6593313217163086,31708,19,31809,0.412337988615036,1655,-9.802327156066895,0.010017910972237587
112,0.0003,23.36713453,288.57,0.12650373578071594,32700,19,32801,0.11819577217102051,1711,-9.519693374633789,0.009366684593260288
116,0.0003,23.24664131,278.91,-0.3253699839115143,33503,19,33604,0.154483824968338,1754,-9.369333267211914,0.008663538843393326
120,0.0003,23.99202057,281.94,-0.5685985684394836,34547,19,34648,0.22954161465168,1811,-8.816176414489746,0.00875583291053772
124,0.0003,24.383877419999997,277.36,-0.7498252987861633,35600,19,35701,0.30249014496803284,1869,-8.900429725646973,0.008631931617856026
128,0.0003,24.471014450000002,274.48,-1.1983023881912231,36519,19,36620,0.12586230039596558,1921,-8.583447456359863,0.008697787299752235
132,0.0003,24.98913747,275.76,2.442674160003662,37857,19,37958,0.1044866293668747,1996,-8.125495910644531,0.00983202550560236
136,0.0003,25.510361370000002,275.49,-0.461062490940094,39100,18,39201,0.2162892073392868,2064,-8.599567413330078,0.009830356575548649
140,0.0003,25.690833410000003,275.33,0.5634169578552246,40109,18,40210,0.7456533908843994,2121,-8.066594123840332,0.009742197580635548
144,0.0003,26.175926379999996,275.56,-0.5186595916748047,41254,18,41355,0.09141355752944946,2179,-8.03381633758545,0.009095162153244019
148,0.0003,26.391351659999994,275.56,1.6217585802078247,42250,18,42351,0.5543645620346069,2237,-7.835854530334473,0.009065968915820122
152,0.0003,26.350955489999997,270.69,0.3854299783706665,43185,18,43286,0.12731994688510895,2291,-7.452519416809082,0.008633434772491455
156,0.0003,25.91054309,269.19,-2.738790988922119,44244,18,44345,0.18449737131595612,2349,-7.6235551834106445,0.007948742248117924
160,0.0003,26.4698619,271.35,1.9130334854125977,45522,18,45623,0.08822410553693771,2416,-7.465198040008545,0.00817621685564518
164,0.0003,27.33053278,274.23,-0.1280156970024109,46817,18,46918,0.3382238745689392,2476,-7.483862400054932,0.008594307117164135
168,0.0003,27.88583404,274.39,1.6869096755981445,48314,18,48415,0.05451829731464386,2556,-7.410543441772461,0.008066743612289429
172,0.0003,28.235326230000005,274.52,0.24085994064807892,49666,18,49767,0.4516788125038147,2631,-7.6750383377075195,0.007787201553583145
176,0.0003,29.187627849999995,278.97,-0.07677163183689117,51191,18,51292,0.12108518183231354,2707,-7.408717155456543,0.007826280780136585
180,0.0003,30.416501419999996,284.87,-1.0788453817367554,52886,18,52987,0.260944128036499,2802,-7.382648944854736,0.007716486696153879
184,0.0003,32.25966685,293.76,-0.8154731392860413,54888,18,54989,0.5772989988327026,2908,-7.233054161071777,0.0077688610181212425
188,0.0003,32.88965818,298.95,1.156286358833313,56192,18,56293,0.10343845188617706,2981,-7.089672088623047,0.007900894619524479
192,0.0003,32.864681659999995,300.1,1.2585567235946655,57311,18,57412,0.2963029146194458,3042,-7.162078857421875,0.0075803534127771854
196,0.0003,33.871995209999994,305.39,-2.0209429264068604,59026,18,59127,0.04259585216641426,3122,-7.4619903564453125,0.007402865681797266
200,0.0003,34.97141542,311.78,-0.12603159248828888,60724,18,60825,0.15145456790924072,3210,-7.4940900802612305,0.00756582198664546
204,0.0003,35.583571660000004,313.01,-1.4929354190826416,61819,18,61920,0.4617481231689453,3263,-7.306293487548828,0.007592642214149237
208,0.0003,36.39459632,316.05,-0.5722732543945312,63313,19,63414,0.20190784335136414,3335,-7.255214691162109,0.007200906053185463
212,0.0003,36.284931990000004,317.85,-0.21704597771167755,64485,19,64586,0.06392236053943634,3390,-7.283820152282715,0.007366691250354052
216,0.0003,37.02777879999999,322.62,-2.0717074871063232,65765,19,65866,0.075722835958004,3451,-7.284987449645996,0.0072088041342794895
220,0.0003,36.943819819999995,322.26,0.4474749267101288,66773,19,66874,0.6893830299377441,3498,-7.20442008972168,0.007215241901576519
224,0.0003,36.951578749999996,322.84,0.09195053577423096,67884,19,67985,0.32822898030281067,3559,-7.182408332824707,0.007197634316980839
228,0.0003,37.444981369999994,326.63,0.9879183173179626,69182,19,69283,0.32184240221977234,3631,-7.076416969299316,0.007269980385899544
232,0.0003,38.001215959999996,327.81,-1.0964114665985107,70638,19,70739,0.5418728590011597,3712,-7.32536506652832,0.007316389586776495
236,0.0003,38.126074419999995,327.65,2.4609487056732178,71865,19,71966,0.19507339596748352,3782,-6.858187675476074,0.006951139774173498
240,0.0003,38.608376899999996,330.36,-0.8024559617042542,73145,19,73246,0.11640368402004242,3853,-7.25778865814209,0.0066343736834824085
244,0.0003,39.26806089,333.36,0.8521803617477417,74590,18,74691,0.0874255895614624,3934,-7.480712890625,0.006446886342018843
248,0.0003,39.84086417,336.68,-0.24595512449741364,75918,18,76019,0.2101915180683136,4008,-6.438020706176758,0.006693218369036913
252,0.0003,40.15158704,338.6,0.1971091479063034,77045,18,77146,0.2433026283979416,4071,-7.228091239929199,0.007234624121338129
256,0.0003,40.48054088,339.83,0.20317442715168,78227,18,78328,0.2670893669128418,4137,-7.125119686126709,0.007462876848876476
260,0.0003,40.37651917,338.82,1.0710361003875732,79404,18,79505,0.27020132541656494,4202,-7.240861415863037,0.007254321128129959
264,0.0003,40.043102569999995,338.41,-2.9720656871795654,80658,18,80759,0.5526214838027954,4272,-7.113523006439209,0.0072214785031974316
268,0.0003,39.76976946,335.42,3.199716091156006,81856,18,81957,0.08794531226158142,4339,-6.993717193603516,0.007335984148085117
272,0.0003,39.641646769999994,334.54,-0.8957446813583374,83120,18,83221,0.11966834962368011,4409,-7.115362644195557,0.007415298372507095
276,0.0003,39.13911458999999,332.83,-1.3631008863449097,84474,18,84575,0.3704076409339905,4484,-7.144959926605225,0.007212569005787373
280,0.0003,38.1189051,326.34,-1.7140594720840454,85520,18,85621,0.12368719279766083,4541,-7.205641746520996,0.007438345346599817
284,0.0003,37.24196575,321.03,1.1825543642044067,86991,18,87092,0.17670366168022156,4623,-6.933871269226074,0.0072973379865288734
288,0.0003,37.28512483,320.4,1.3422627449035645,88232,18,88333,0.49411821365356445,4692,-7.119577407836914,0.007461830973625183
292,0.0003,38.002293099999996,323.25,-0.218379408121109,89636,18,89737,0.36086952686309814,4771,-6.959873676300049,0.007459212560206652
296,0.0003,37.49887701,319.8,0.848425030708313,91006,18,91107,0.14717698097229004,4847,-7.05620002746582,0.0076006255112588406
300,0.0003,37.624963169999994,317.12,0.7595944404602051,92436,18,92537,0.2507666051387787,4927,-6.908533096313477,0.007646487094461918
304,0.0003,37.56624151,317.86,-0.937080979347229,93605,18,93706,0.12665624916553497,4992,-6.876214981079102,0.007300470490008593
308,0.0003,37.564338049999996,318.08,0.37835389375686646,95121,18,95222,0.3873409330844879,5076,-7.216919898986816,0.007430507335811853
312,0.0003,38.038254200000004,320.12,-0.5755996108055115,96497,18,96598,0.13596731424331665,5153,-6.862719535827637,0.007013342343270779
316,0.0003,38.407778799999996,321.88,1.0920571088790894,97953,18,98054,0.09563653916120529,5234,-6.774494171142578,0.00727961678057909
320,0.0003,38.93547316,323.65,0.4659360647201538,99138,18,99239,0.23406025767326355,5299,-7.1091203689575195,0.007724456954747438
324,0.0003,39.06333345,324.76,0.16554801166057587,100360,18,100461,0.09784785658121109,5368,-7.29459285736084,0.0075597562827169895
328,0.0003,38.98687445000001,321.97,0.6178346276283264,101379,18,101480,0.5771426558494568,5424,-6.908707618713379,0.007385363802313805
332,0.0003,38.72930671,319.51,2.491701364517212,102589,18,102690,0.0501842126250267,5492,-7.210269927978516,0.0075067440047860146
336,0.0003,38.57625135,316.97,0.6992163062095642,103562,18,103663,0.48211511969566345,5547,-6.924441814422607,0.007631054148077965
340,0.0003,38.9522943,316.12,-0.7763785123825073,104757,18,104858,0.3291998505592346,5613,-7.334073543548584,0.0076223695650696754
344,0.0003,39.03348793999999,315.77,-0.6949102878570557,106167,18,106268,0.43788212537765503,5691,-7.0016045570373535,0.008208793587982655
348,0.0003,39.4122739,316.12,-0.601484477519989,107530,18,107631,0.3784242570400238,5767,-7.048908233642578,0.008138211444020271
352,0.0003,39.451115810000005,316.7,-0.9091953635215759,108715,18,108816,0.2510165274143219,5833,-6.872960090637207,0.008638804778456688
356,0.0003,39.9669258,319.59,-0.4790883958339691,110186,18,110287,0.14442285895347595,5914,-6.92403507232666,0.00832812488079071
360,0.0003,39.8938832,317.61,0.15647579729557037,111165,18,111266,0.2262018769979477,5968,-6.970925331115723,0.008191971108317375
364,0.0003,40.68911058,319.94,-1.2903563976287842,112652,18,112753,0.2851516604423523,6051,-6.835323333740234,0.00817175768315792
368,0.0003,40.61548818,320.23,0.708298921585083,113879,18,113980,0.1131870448589325,6119,-6.82161283493042,0.008182675577700138
372,0.0003,40.2830837,317.81,-0.18875224888324738,114901,18,115002,0.4396146535873413,6176,-6.872368335723877,0.007882782258093357
376,0.0003,39.79594631999999,313.69,1.8234939575195312,115843,18,115944,0.31370997428894043,6229,-7.134504318237305,0.007962443865835667
380,0.0003,40.2897458,318.01,0.8719397783279419,117321,18,117422,0.10606414824724197,6311,-6.876928806304932,0.007691448088735342
384,0.0003,39.461533059999994,312.57,0.6488522887229919,118248,18,118349,0.29532554745674133,6363,-7.0251054763793945,0.008201680146157742
388,0.0003,40.180835429999995,313.53,-0.21444198489189148,119585,18,119686,0.2491070032119751,6436,-7.210888862609863,0.008351818658411503
392,0.0003,39.975890910000004,313.36,1.752092719078064,120972,18,121073,0.34568291902542114,6513,-7.047370433807373,0.007990769110620022
396,0.0003,39.745785379999994,310.76,0.45568791031837463,122082,18,122183,0.0684637799859047,6575,-7.0301666259765625,0.008362969383597374
400,0.0003,38.887839099999994,307.72,0.29923075437545776,123208,18,123309,0.32269641757011414,6637,-6.8610053062438965,0.007938859052956104
404,0.0003,39.203745250000004,309.33,-0.532875657081604,124538,18,124639,0.10600623488426208,6711,-7.09633731842041,0.008094385266304016
408,0.0003,38.973695230000004,304.84,-0.8482061624526978,125605,18,125706,0.21991249918937683,6770,-7.034517765045166,0.007627096027135849
412,0.0003,39.05132863,304.08,0.977419912815094,126905,18,127006,0.6677501201629639,6842,-6.6431379318237305,0.008331500925123692
416,0.0003,38.45070704,299.66,0.3750402629375458,127919,18,128020,0.23180349171161652,6898,-6.514575004577637,0.008266554214060307
420,0.0003,38.83163882,301.14,0.36216211318969727,129252,18,129353,0.4626077711582184,6972,-6.852479457855225,0.007978132925927639
424,0.0003,38.67048773,299.39,0.48992836475372314,130299,18,130400,0.2530912756919861,7030,-6.739885330200195,0.008089485578238964
428,0.0003,38.78903312999999,300.01,0.16801364719867706,131380,18,131481,0.04216301813721657,7090,-7.193800926208496,0.008109692484140396
432,0.0003,38.96264251,300.45,-0.5205792188644409,132634,18,132735,0.19677230715751648,7160,-6.548878192901611,0.00866252277046442
436,0.0003,39.67520089,304.43,-0.702851414680481,134005,18,134106,0.048737380653619766,7236,-7.1782941818237305,0.008548930287361145
440,0.0003,39.114889209999994,303.16,0.48876094818115234,135073,18,135174,0.48552829027175903,7295,-6.98490047454834,0.008155128918588161
444,0.0003,38.47320583,299.36,0.3748297095298767,136103,18,136204,0.1436069905757904,7352,-6.782863140106201,0.008180081844329834
448,0.0003,37.86695133999999,296.95,-1.426271677017212,137225,18,137326,0.41776180267333984,7414,-6.931032657623291,0.008935319259762764
452,0.0003,37.86843228,294.76,-0.197576105594635,138191,18,138292,0.42630574107170105,7468,-6.803615093231201,0.008381896652281284
456,0.0003,37.74662884,291.33,-0.5361000895500183,139319,18,139420,0.22537294030189514,7531,-7.041369915008545,0.008277133107185364
460,0.0003,38.454382720000005,295.3,-0.0769464373588562,140695,18,140796,0.2334592342376709,7607,-7.064001083374023,0.00843364279717207
464,0.0003,38.00289196,294.88,1.0614469051361084,142140,18,142241,0.19120217859745026,7687,-6.632955551147461,0.0089269382879138
468,0.0003,37.743618500000004,290.97,-1.7151906490325928,142976,18,143077,0.07569000869989395,7733,-6.965986728668213,0.008452503941953182
472,0.0003,38.16269348,292.21,-0.8384900093078613,144122,18,144223,0.050585221499204636,7797,-6.776411056518555,0.008743666112422943
476,0.0003,39.265828279999994,298.13,1.2651970386505127,145656,18,145757,0.0750066339969635,7883,-6.2507710456848145,0.008400659076869488
480,0.0003,39.27661217,296.93,-1.518514633178711,147014,18,147115,0.7384482026100159,7958,-6.919390678405762,0.0077085429802536964
484,0.0003,39.56172201,299.79,-1.995476484298706,148227,18,148328,0.029976829886436462,8025,-6.818531036376953,0.00866755098104477
488,0.0003,39.311036019999996,300.1,1.814311146736145,149595,18,149696,0.5134894847869873,8101,-6.7816338539123535,0.00808403268456459
492,0.0003,39.00655675,297.01,0.06522431969642639,150673,18,150774,0.28918877243995667,8160,-6.877805233001709,0.0075745973736047745
496,0.0003,39.06523876,296.96,-0.13396158814430237,151778,18,151879,0.15619760751724243,8222,-6.9183454513549805,0.008011826314032078
500,0.0003,39.472951740000006,298.06,1.25087571144104,153014,18,153115,0.029422782361507416,8290,-6.6720757484436035,0.008041592314839363
504,0.0003,38.9182706,294.16,0.9750087261199951,153954,18,154055,0.25055381655693054,8343,-6.617462158203125,0.0077344193123281
508,0.0003,38.16841872,292.31,1.6567730903625488,154836,18,154937,0.1591467410326004,8392,-6.467979431152344,0.0073462300933897495
512,0.0003,38.00237627999999,292.12,-1.0512526035308838,156117,18,156218,0.07270634919404984,8463,-7.186328411102295,0.007253279909491539
516,0.0003,38.701962630000004,296.83,-0.8285979628562927,157602,18,157703,0.05333463102579117,8546,-6.865903854370117,0.007721683941781521
520,0.0003,38.35894217,296.75,0.7853190302848816,158927,18,159028,0.3173556923866272,8618,-6.807554244995117,0.007516217418015003
524,0.0003,38.308136590000004,296.96,-0.2783381938934326,159995,18,160096,0.21144384145736694,8677,-7.090709686279297,0.00770729361101985
528,0.0003,38.60447287000001,298.14,1.1933557987213135,161194,18,161295,0.08739470690488815,8738,-7.038153171539307,0.007707885466516018
532,0.0003,38.83721808,301.08,-0.527704656124115,162742,18,162843,0.32201042771339417,8825,-7.153480052947998,0.007450570818036795
536,0.0003,38.51587731,298.96,1.5188045501708984,163901,18,164002,0.477983683347702,8887,-6.539127349853516,0.007723720278590918
540,0.0003,38.29659508,296.51,0.1543656885623932,164724,18,164825,0.1790415346622467,8932,-6.962172508239746,0.00791676715016365
544,0.0003,38.612606559999996,299.6,-2.40923810005188,166063,18,166164,0.28988218307495117,9006,-6.943336486816406,0.007652363274246454
548,0.0003,39.186302260000005,301.59,1.4250773191452026,167384,18,167485,0.2838866710662842,9080,-6.711043357849121,0.007835189811885357
552,0.0003,39.359566560000005,303.9,1.0928997993469238,168581,18,168682,0.10281466692686081,9135,-7.371760368347168,0.0075179776176810265
556,0.0003,39.50560745,305.64,-2.0483179092407227,169883,18,169984,0.3585912883281708,9178,-7.120187759399414,0.0071260626427829266
560,0.0003,39.47133934,306.84,-1.4069669246673584,171379,18,171480,0.3329820930957794,9227,-7.005574703216553,0.007138384040445089
564,0.0003,39.44462111,305.76,0.4931669533252716,172716,18,172817,0.3475312888622284,9271,-6.990511417388916,0.007573582697659731
568,0.0003,40.13876804,311.96,0.9956000447273254,174172,18,174273,0.1907190978527069,9318,-6.613148212432861,0.00784685555845499
572,0.0003,40.45158724000001,314.82,0.4998396635055542,175604,18,175705,0.1972656100988388,9368,-7.087777614593506,0.007813148200511932
576,0.0003,39.61146635000001,309.89,0.7698454260826111,176645,18,176746,0.3533882200717926,9404,-6.806056022644043,0.007613052614033222
580,0.0003,39.34757512000001,307.36,-1.1294065713882446,177750,18,177851,0.04275664687156677,9441,-6.99839973449707,0.007417809218168259
584,0.0003,40.075207490000004,308.73,-0.05131818726658821,179100,18,179201,0.04278313368558884,9485,-6.760067939758301,0.007456193678081036
588,0.0003,39.757879779999996,306.73,-0.039099305868148804,180268,18,180369,0.09309301525354385,9523,-7.186835765838623,0.007264674641191959
592,0.0003,39.57845267,306.18,1.795863389968872,181291,18,181392,0.3627416491508484,9556,-6.693523406982422,0.007277732249349356
596,0.0003,39.82202788,308.09,-0.7709341049194336,182587,19,182688,0.08641374111175537,9598,-6.9114837646484375,0.00720964977517724
600,0.0003,39.778019019999995,307.96,-0.22238361835479736,183810,19,183911,0.5813815593719482,9637,-6.726588249206543,0.007184316404163837
604,0.0003,39.884166730000004,308.27,-0.9649607539176941,184781,19,184882,0.6238442659378052,9669,-6.865936279296875,0.007354091387242079
608,0.0003,40.744162689999996,313.34,-1.2414400577545166,186170,19,186271,0.1330067217350006,9713,-7.2549543380737305,0.006837647873908281
612,0.0003,40.519865759999995,312.04,-0.7703161239624023,187321,19,187422,0.11101754009723663,9751,-7.046939849853516,0.007354157976806164
616,0.0003,40.67588963,311.19,-0.22931121289730072,188721,19,188822,0.09836681932210922,9796,-7.391107559204102,0.00698082847520709
620,0.0003,40.42639482,308.6,1.6148076057434082,189787,19,189888,0.515771746635437,9831,-6.961872100830078,0.0070520443841814995
624,0.0003,40.22131912,307.92,2.085061550140381,190787,19,190888,0.24285870790481567,9864,-7.005385398864746,0.007252512499690056
628,0.0003,40.35835063,309.92,1.1564667224884033,192186,19,192287,0.2714881896972656,9909,-6.901572227478027,0.007286534644663334
632,0.0003,40.390533260000005,309.17,1.1379992961883545,193659,19,193760,0.10177633911371231,9957,-7.360568523406982,0.00670649902895093
636,0.0003,40.41900404,311.26,-1.6108629703521729,195027,19,195128,0.3123762607574463,10000,-7.4751410484313965,0.007055161986500025
640,0.0003,40.95354649,314.53,0.5652117729187012,196177,19,196278,0.0979083701968193,10037,-7.252721309661865,0.007362241856753826
644,0.0003,41.486643629999996,314.82,-0.6030817627906799,197545,19,197646,0.4381435215473175,10082,-7.757599830627441,0.008007243275642395
648,0.0003,41.332303630000006,313.84,-1.5563294887542725,198768,19,198869,0.07100578397512436,10122,-7.463861465454102,0.00747868325561285
652,0.0003,41.06168435000001,312.44,-0.652534008026123,199825,19,199926,0.07294794917106628,10156,-7.998331069946289,0.007774694357067347
656,0.0003,41.15951062,311.88,-0.2675606310367584,201071,19,201172,0.06915874034166336,10196,-7.474246978759766,0.007506264373660088
660,0.0003,41.26983318,310.58,-0.1957155466079712,202437,19,202538,0.1852768063545227,10240,-7.654538154602051,0.006805147044360638
664,0.0003,41.2644069,312.3,0.3187626302242279,203946,19,204047,0.694890022277832,10289,-7.336274147033691,0.007207140326499939
668,0.0003,41.412611569999996,311.94,-0.8312837481498718,205366,19,205467,0.21279022097587585,10334,-7.890979766845703,0.007151732686907053
672,0.0003,41.00705212999999,309.11,0.1733694076538086,206515,19,206616,0.5903556942939758,10371,-7.77154541015625,0.007003523875027895
676,0.0003,41.356358840000006,310.98,-1.1970289945602417,207743,19,207844,0.2580431401729584,10411,-7.282245635986328,0.0073570022359490395
680,0.0003,41.43684693,312.39,0.6244078874588013,208989,20,209090,0.22619567811489105,10450,-7.302638530731201,0.007456129416823387
684,0.0003,40.536770690000004,309.3,1.1455388069152832,210030,20,210131,0.17191654443740845,10484,-7.52120304107666,0.00748674338683486
688,0.0003,40.77031038,310.61,-0.25602781772613525,211329,20,211430,0.21260586380958557,10526,-7.682342052459717,0.007568398490548134
692,0.0003,41.15478137,312.85,-0.8784786462783813,212576,20,212677,0.1005420833826065,10566,-7.454939842224121,0.007146104704588652
696,0.0003,41.12476018,312.16,0.1535271257162094,213803,20,213904,0.2531384825706482,10606,-7.556631565093994,0.007360995747148991
700,0.0003,41.71789216000001,316.62,1.241703987121582,215472,20,215573,0.09589721262454987,10660,-7.499588966369629,0.007533501833677292
704,0.0003,42.81969956,321.28,-1.0418108701705933,216909,20,217010,0.12186213582754135,10706,-7.337508678436279,0.007178313564509153
708,0.0003,42.971821469999995,322.06,1.5368949174880981,218376,20,218477,0.28216469287872314,10753,-7.441756248474121,0.007922938093543053
712,0.0003,43.70783877000001,326.57,0.25165536999702454,219978,20,220079,0.17464196681976318,10805,-7.557230472564697,0.00765661196783185
716,0.0003,43.56692136000001,326.36,0.06435033679008484,221357,20,221458,0.22916489839553833,10849,-7.663016319274902,0.00733130844309926
720,0.0003,43.562436240000004,325.92,0.14670518040657043,222379,20,222480,0.14228488504886627,10883,-7.188929557800293,0.007286044768989086
724,0.0003,44.30673657000001,330.06,0.49898719787597656,223793,20,223894,0.1512724906206131,10929,-7.390277862548828,0.0070609743706882
728,0.0003,44.48770088000001,330.05,-0.8326156139373779,225191,20,225292,0.0846705436706543,10974,-7.771048069000244,0.007088519167155027
732,0.0003,44.47468721,328.2,0.8216065168380737,226479,20,226580,0.09429845213890076,11016,-7.526210784912109,0.007131266873329878
736,0.0003,44.43639877,327.19,0.08947938680648804,227746,20,227847,0.31584692001342773,11057,-7.830909729003906,0.007913083769381046
740,0.0003,44.63319314,329.26,-0.32626721262931824,229103,20,229204,0.4058680534362793,11101,-7.825501441955566,0.007303036283701658
744,0.0003,44.552226400000016,332.32,-0.3901982605457306,230777,20,230878,0.36815720796585083,11154,-8.039410591125488,0.007145801559090614
748,0.0003,44.255182450000014,332.33,0.6647913455963135,232001,20,232102,0.28520792722702026,11194,-8.003304481506348,0.007144118659198284
752,0.0003,44.262686190000004,333.5,-0.4079996347427368,233175,20,233276,0.265449583530426,11232,-7.987947463989258,0.007620603311806917
756,0.0003,44.329089270000004,335.52,-0.740818440914154,234623,20,234724,0.44265565276145935,11281,-7.935328006744385,0.007268247194588184
760,0.0003,44.15911334999999,337.08,0.2864254415035248,236145,20,236246,0.1734752058982849,11330,-8.162679672241211,0.007017286028712988
764,0.0003,44.248169390000015,336.74,-0.8248776197433472,237620,20,237721,0.15045437216758728,11378,-8.06406021118164,0.006993655581027269
768,0.0003,43.65446789000001,332.82,-1.2492938041687012,238648,20,238749,0.24534346163272858,11414,-8.224555015563965,0.007071554660797119
772,0.0003,43.826176270000005,335.05,-1.0580435991287231,240020,20,240121,0.07510064542293549,11464,-8.074506759643555,0.007110282778739929
776,0.0003,44.86239897,340.64,0.0042711421847343445,241807,20,241908,0.5821928977966309,11524,-7.786541938781738,0.007697347551584244
780,0.0003,45.54991100999999,345.47,-1.1949670314788818,243536,21,243637,0.13138297200202942,11581,-7.913753509521484,0.006875957362353802
784,0.0003,46.25760146,347.51,0.4161301851272583,244781,21,244882,0.15591153502464294,11625,-7.875400543212891,0.007285888306796551
788,0.0003,46.317115920000006,346.85,1.7482916116714478,246014,21,246115,0.1668582558631897,11666,-7.948258399963379,0.007434696424752474
792,0.0003,46.934510720000006,349.88,0.6887244582176208,247564,21,247665,0.13544178009033203,11718,-8.249040603637695,0.007661249954253435
796,0.0003,46.56370413999999,348.24,-0.06202550232410431,248627,21,248728,0.17554700374603271,11754,-8.202095031738281,0.007632629945874214
800,0.0003,46.19560878,343.78,-0.03662524372339249,249850,21,249951,0.2440183013677597,11794,-8.160503387451172,0.0074296677485108376
804,0.0003,45.721983299999984,345.33,-1.7305456399917603,251442,21,251543,0.063407763838768,11847,-8.172101974487305,0.007956117391586304
808,0.0003,45.46034136,342.61,0.1809990406036377,252637,21,252738,0.08489657938480377,11886,-8.257518768310547,0.0073332348838448524
812,0.0003,44.90162088,338.76,0.12774458527565002,253854,21,253955,0.6201232671737671,11926,-8.048599243164062,0.007485369220376015
816,0.0003,44.310246989999996,335.1,-2.3346681594848633,254867,21,254968,0.338473379611969,11960,-8.224519729614258,0.007756290957331657
820,0.0003,44.77474344,337.74,1.3396532535552979,256153,21,256254,0.44337165355682373,12005,-7.694939613342285,0.007961529307067394
824,0.0003,44.63125853,336.07,0.40531811118125916,257400,21,257501,0.3760221004486084,12050,-7.9372406005859375,0.007667583413422108
828,0.0003,44.27306597999999,334.72,-0.9722573757171631,258663,21,258764,0.2956688404083252,12093,-8.224506378173828,0.007382434327155352
832,0.0003,43.7882305,332.85,1.757218599319458,259764,21,259865,0.28500038385391235,12131,-8.00157356262207,0.007050699554383755
836,0.0003,44.19786927000001,334.3,-0.08782605826854706,261176,21,261277,0.11538144946098328,12181,-7.733717441558838,0.007385906297713518
840,0.0003,44.295371760000016,333.78,1.3577746152877808,262481,21,262582,0.03278946131467819,12224,-8.06277847290039,0.007274217903614044
844,0.0003,43.776855749999996,328.72,-0.21450236439704895,263649,21,263750,0.1400277316570282,12263,-7.795694351196289,0.00744344387203455
848,0.0003,44.14437873999999,331.73,-2.5685009956359863,265174,21,265275,0.13376379013061523,12315,-7.9681854248046875,0.00774473836645484
852,0.0003,44.74531954,332.71,0.9891428351402283,266446,21,266547,0.2891741096973419,12358,-8.116113662719727,0.007891515269875526
856,0.0003,44.46935345000001,330.62,-0.4924463629722595,267685,21,267786,0.49228304624557495,12399,-7.63352108001709,0.007656608242541552
860,0.0003,43.863433210000004,326.78,0.17631062865257263,268823,21,268924,0.10745345056056976,12437,-7.874444961547852,0.008261912502348423
864,0.0003,43.50658076,324.38,0.018785059452056885,270058,21,270159,0.10757777839899063,12478,-7.796459197998047,0.007793326862156391
868,0.0003,44.07056068,328.89,0.5469820499420166,271537,21,271638,0.26830634474754333,12527,-7.83795166015625,0.007465767208486795
872,0.0003,44.368516369999995,328.07,-0.5131340026855469,272827,21,272928,0.13034620881080627,12569,-8.180724143981934,0.00791342742741108
876,0.0003,43.72547321,324.76,-1.3700835704803467,274283,21,274384,0.04375305399298668,12618,-8.183918952941895,0.007758710067719221
880,0.0003,43.03614848,319.72,2.354271173477173,275508,21,275609,0.27654320001602173,12658,-7.474807262420654,0.007617773488163948
884,0.0003,42.67097507999999,320.03,0.9335861206054688,276784,21,276885,0.08875924348831177,12701,-7.966587066650391,0.008106019347906113
888,0.0003,43.02211477,323.72,0.506660521030426,278386,21,278487,0.06479763984680176,12757,-8.205398559570312,0.007508344016969204
892,0.0003,42.09272474999999,319.66,-1.0054320096969604,279530,21,279631,0.09326988458633423,12796,-8.02004337310791,0.007570798508822918
896,0.0003,42.173614500000006,320.84,1.4760152101516724,280711,21,280812,0.5966103076934814,12835,-7.6238908767700195,0.008309513330459595
900,0.0003,41.720636569999996,319.42,1.0580408573150635,281792,21,281893,0.09583552181720734,12871,-7.348702430725098,0.008048842661082745
904,0.0003,41.05654016,313.32,1.1469674110412598,282774,21,282875,0.24581527709960938,12904,-7.2854743003845215,0.007938897237181664
908,0.0003,40.92095102,312.25,0.7580351233482361,283862,21,283963,0.35076770186424255,12940,-7.778888702392578,0.007764865178614855
912,0.0003,41.09614831,312.67,1.2357428073883057,285121,21,285222,0.26312530040740967,12982,-8.100556373596191,0.007877488620579243
916,0.0003,41.68764083,317.55,0.2098117172718048,286622,22,286723,0.08688496798276901,13031,-7.6762542724609375,0.00788811407983303
920,0.0003,41.73340313,318.06,0.037400320172309875,287959,22,288060,0.05190199241042137,13076,-8.008305549621582,0.007644937839359045
924,0.0003,41.45735688,316.46,-1.0636887550354004,289046,22,289147,0.45778512954711914,13112,-7.716953277587891,0.007737462874501944
928,0.0003,41.84784371000001,317.86,-0.4356953799724579,290449,22,290550,0.14883965253829956,13158,-7.657364368438721,0.0076957144774496555
932,0.0003,41.61988791999999,317.51,0.7146537899971008,291515,22,291616,0.5354044437408447,13194,-7.817623615264893,0.0075334045104682446
936,0.0003,41.299313160000004,317.83,0.7398270964622498,292959,22,293060,0.16954633593559265,13243,-7.753702640533447,0.007680932991206646
940,0.0003,41.34103669,317.25,0.25630733370780945,294206,22,294307,0.06720598042011261,13285,-7.817550182342529,0.007802024018019438
944,0.0003,41.471177449999985,318.66,-0.9044424295425415,295515,22,295616,0.8814360499382019,13330,-7.687568187713623,0.00730700371786952
948,0.0003,41.328804850000004,314.04,-1.595590353012085,296578,22,296679,0.1898787021636963,13367,-7.656872749328613,0.0076996199786663055
952,0.0003,41.02726541999999,312.13,0.06577825546264648,297659,22,297760,0.500482439994812,13403,-7.383485794067383,0.007743715308606625
956,0.0003,40.95300078,312.33,0.603929877281189,298918,22,299019,0.2529994249343872,13446,-7.837491035461426,0.007869971916079521
960,0.0003,41.14895852000001,314.5,0.467087984085083,300273,22,300374,0.39830368757247925,13492,-7.652636528015137,0.0072808112017810345
964,0.0003,40.84577433,312.68,1.1143386363983154,301326,22,301427,0.26888367533683777,13528,-7.816229820251465,0.00761936092749238
968,0.0003,40.62504456,311.28,1.016155481338501,302665,22,302766,0.05491151660680771,13573,-7.4669036865234375,0.007613491732627153
972,0.0003,40.45882453,309.63,0.30543601512908936,303790,22,303891,0.23394076526165009,13610,-7.8687052726745605,0.007944676093757153
976,0.0003,39.38090441000001,303.57,-2.570795774459839,304640,22,304741,0.15657177567481995,13638,-8.356344223022461,0.008106240071356297
980,0.0003,39.82822988,306.5,1.9909416437149048,306158,22,306259,0.44898712635040283,13690,-7.294531345367432,0.007912215776741505
984,0.0003,39.58388818,304.75,-0.5020718574523926,307259,22,307360,0.34956830739974976,13727,-7.951733112335205,0.007702609058469534
988,0.0003,39.33895626,301.99,0.9045497179031372,308585,22,308686,0.5808019638061523,13771,-7.472936153411865,0.007688796613365412
992,0.0003,39.64806391,301.74,0.973412036895752,309704,22,309805,0.04949793219566345,13809,-7.601176738739014,0.007707006763666868
996,0.0003,40.39976821,304.98,1.6939892768859863,311209,22,311310,0.18650144338607788,13859,-7.083848476409912,0.008190283551812172
1000,0.0003,40.87271286000001,308.43,-1.8383715152740479,312635,22,312736,0.2149994969367981,13908,-7.558535575866699,0.007459486369043589
1004,0.0003,42.05345851,314.89,1.9566917419433594,314263,22,314364,0.14746049046516418,13962,-7.645063400268555,0.007754456717520952
1008,0.0003,42.416422919999995,317.74,-1.300868034362793,315636,22,315737,0.31918275356292725,14007,-8.068209648132324,0.007382279261946678
1012,0.0003,42.30415928,316.94,-1.1579445600509644,316815,22,316916,0.510347843170166,14045,-7.646291732788086,0.00802682340145111
1016,0.0003,42.23937802,316.25,0.8808624744415283,318247,22,318348,0.4429667890071869,14091,-7.895816326141357,0.007738211657851934
1020,0.0003,42.42011584,317.74,-0.550652027130127,319733,22,319834,0.2855892777442932,14142,-8.019646644592285,0.007795705925673246
1024,0.0003,42.96541176999999,318.8,-1.3805347681045532,320926,22,321027,0.09292401373386383,14184,-7.634531497955322,0.007536915130913258
1028,0.0003,42.79295385,319.31,0.7913255095481873,322380,22,322481,0.3642958998680115,14236,-8.060025215148926,0.0075066653080284595
1032,0.0003,43.48130284,322.88,-0.780905544757843,323803,22,323904,0.20680898427963257,14286,-7.86533260345459,0.007244431413710117
1036,0.0003,43.84363228,323.71,-2.1460700035095215,325330,22,325431,0.06230723485350609,14338,-7.711627960205078,0.007448513992130756
1040,0.0003,43.84315170000001,325.2,-0.4722316563129425,326726,22,326827,0.37623631954193115,14386,-7.336074352264404,0.00745558924973011
1044,0.0003,43.83165303,326.06,-0.1708337962627411,328121,22,328222,0.6714168787002563,14438,-7.1362385749816895,0.006808486767113209
1048,0.0003,43.73215001,327.82,-0.3271305561065674,329360,22,329461,0.627416729927063,14484,-7.680346488952637,0.0071587273851037025
1052,0.0003,44.036953399999994,329.62,1.6960724592208862,330621,22,330722,0.09035313874483109,14529,-7.429660797119141,0.007160348817706108
1056,0.0003,43.967635329999986,327.16,-0.14042052626609802,331634,22,331735,0.45782387256622314,14565,-7.699080467224121,0.0070854066871106625
1060,0.0003,43.860201769999996,325.46,-1.1902961730957031,332819,22,332920,0.2447182536125183,14608,-7.7810959815979,0.0071988217532634735
1064,0.0003,44.133563779999996,326.67,-0.36100977659225464,333993,22,334094,0.23616603016853333,14650,-7.634373664855957,0.007341974880546331
1068,0.0003,44.41339824,328.35,-0.10373586416244507,335500,22,335601,0.21118435263633728,14702,-7.6405158042907715,0.007291647605597973
1072,0.0003,44.65714706000001,330.82,0.8236234188079834,336872,22,336973,0.10502655059099197,14750,-7.799814701080322,0.007336847949773073
1076,0.0003,45.218521370000005,333.8,2.1213369369506836,338020,22,338121,0.2444370687007904,14794,-8.066620826721191,0.006858461536467075
1080,0.0003,45.44376440999999,334.5,1.1678404808044434,339608,22,339709,0.09698119759559631,14851,-8.097956657409668,0.0069824932143092155
1084,0.0003,45.845878760000005,337.74,1.0785576105117798,341033,22,341134,0.38946694135665894,14907,-7.962825775146484,0.0070691341534256935
1088,0.0003,45.39430812000001,336.53,0.10724979639053345,342238,22,342339,0.08573055267333984,14954,-8.04029369354248,0.00689665088430047
1092,0.0003,46.02293310000001,340.34,0.31056106090545654,343738,22,343839,0.09037311375141144,15008,-7.915345191955566,0.007406866177916527
1096,0.0003,45.42964836,337.64,-1.4345006942749023,344973,22,345074,0.21229210495948792,15050,-8.142581939697266,0.007067542988806963
1100,0.0003,44.65722323999999,333.06,0.6943566799163818,345941,22,346042,0.36395570635795593,15083,-7.469734191894531,0.007679665926843882
1104,0.0003,44.28426316,332.27,-1.0600162744522095,347490,22,347591,0.5355830192565918,15134,-7.7604875564575195,0.0072138141840696335
1108,0.0003,44.0829255,330.95,-0.7296348214149475,348731,22,348832,0.12428644299507141,15177,-7.803618907928467,0.006937566678971052
1112,0.0003,44.01711252,332.48,-0.9340119957923889,350063,23,350164,0.2029167264699936,15224,-8.118552207946777,0.0072656795382499695
1116,0.0003,43.56862029,329.33,-0.008216354995965958,351180,23,351281,0.04387405142188072,15262,-7.769968032836914,0.007300331257283688
1120,0.0003,43.84722682,328.6,0.2751607596874237,352593,23,352694,0.25173279643058777,15311,-7.37105655670166,0.007056174799799919
1124,0.0003,43.627617320000006,328.87,0.6674980521202087,353813,23,353914,0.2181432694196701,15354,-8.004517555236816,0.007353463675826788
1128,0.0003,43.72379779,329.06,0.515601634979248,355286,23,355387,0.41838905215263367,15404,-8.22294807434082,0.007176417391747236
1132,0.0003,43.41004848999999,327.32,-2.4649157524108887,356535,23,356636,0.16348057985305786,15447,-8.030664443969727,0.007470061536878347
1136,0.0003,42.512209789999986,321.72,-0.21789909899234772,357502,23,357603,0.6904797554016113,15481,-7.727787017822266,0.007393273990601301
1140,0.0003,42.38387452,320.37,0.2000778764486313,358763,23,358864,0.19481614232063293,15525,-7.844650745391846,0.007083930540829897
1144,0.0003,42.76150805,319.93,1.3893847465515137,360114,23,360215,0.07103199511766434,15573,-8.039758682250977,0.007347613573074341
1148,0.0003,42.96425311,321.32,-0.08895179629325867,361492,23,361593,0.2773463726043701,15621,-8.22140121459961,0.007431063801050186
1152,0.0003,42.73369726,319.96,-0.3888760209083557,362617,23,362718,0.3767003118991852,15660,-8.003667831420898,0.007366448640823364
1156,0.0003,43.05119795,323.14,0.08653265237808228,363948,23,364049,0.3916247487068176,15706,-7.575865268707275,0.007060829550027847
1160,0.0003,43.112575960000015,323.01,-0.03844088315963745,365120,23,365221,0.34943827986717224,15747,-7.9109697341918945,0.0075314901769161224
1164,0.0003,43.627569640000004,326.16,-0.2207479476928711,366609,23,366710,0.24695734679698944,15799,-7.650008678436279,0.006869321223348379
1168,0.0003,43.144951410000004,322.73,-1.3850619792938232,367773,23,367874,0.07385629415512085,15839,-7.9499831199646,0.00635886937379837
1172,0.0003,42.976566950000006,321.71,0.6429619789123535,369043,23,369144,0.2740282714366913,15885,-8.430632591247559,0.006799541879445314
1176,0.0003,42.994792579999995,322.02,0.5036210417747498,370222,23,370323,0.21497783064842224,15928,-7.827162265777588,0.0070571573451161385
1180,0.0003,42.484231680000015,319.0,0.11852572858333588,371508,23,371609,0.12956762313842773,15975,-7.919994831085205,0.006632121745496988
1184,0.0003,42.55682927000001,318.68,-0.7490532398223877,372901,23,373002,0.2058333456516266,16032,-8.53834056854248,0.006506292149424553
1188,0.0003,42.852953510000006,319.87,0.3345203399658203,374225,23,374326,0.4641028642654419,16083,-8.010799407958984,0.0069155762903392315
1192,0.0003,42.722210399999994,320.91,-0.010874897241592407,375829,23,375930,0.09334874153137207,16143,-8.206962585449219,0.006801228038966656
1196,0.0003,43.293035689999996,324.4,0.4801216423511505,377413,23,377514,0.542134165763855,16202,-7.864617347717285,0.006994879804551601
1200,0.0003,43.92403175999998,329.22,2.1576263904571533,378863,23,378964,0.09717094898223877,16256,-8.119078636169434,0.00657073687762022
1204,0.0003,43.15527120000001,324.12,0.6175704598426819,379902,23,380003,0.3791227340698242,16294,-7.692314624786377,0.007181956432759762
1208,0.0003,43.02862195999999,324.5,1.8242018222808838,381181,23,381282,0.09169496595859528,16340,-7.601910591125488,0.007000422105193138
1212,0.0003,43.63872369999999,326.18,0.7684022188186646,382681,23,382782,0.23867952823638916,16395,-8.385703086853027,0.007279085926711559
1216,0.0003,43.94063874999999,329.46,2.0235555171966553,384126,23,384227,0.33504045009613037,16451,-7.79596471786499,0.007187304086983204
1220,0.0003,43.23972068,327.29,0.09616860747337341,385322,23,385423,0.3277047276496887,16494,-7.908211708068848,0.0068017663434147835
1224,0.0003,43.51466928,328.49,0.22456225752830505,386662,23,386763,0.22191378474235535,16542,-7.671369552612305,0.0072853537276387215
1228,0.0003,43.02914586,324.91,0.48227590322494507,387777,23,387878,0.529621422290802,16582,-8.03515625,0.0067756688222289085
1232,0.0003,42.49564659,321.48,0.5751309394836426,388683,23,388784,0.25366389751434326,16614,-7.655142784118652,0.0071016051806509495
1236,0.0003,43.07320029,325.79,-0.29579830169677734,390081,23,390182,0.070842444896698,16665,-7.335400104522705,0.006992635317146778
1240,0.0003,42.95719115000001,326.48,-0.7572594881057739,391411,23,391512,0.1267266869544983,16712,-7.989719390869141,0.007063597906380892
1244,0.0003,42.316983820000004,324.96,0.7442849278450012,392610,23,392711,0.15070167183876038,16755,-7.860459327697754,0.007669393438845873
1248,0.0003,42.16339953,323.9,-0.890121340751648,393882,23,393983,0.3198238015174866,16802,-7.607864856719971,0.007555561605840921
1252,0.0003,42.096412390000005,324.86,0.9699883460998535,395103,23,395204,0.21566523611545563,16845,-7.822926998138428,0.00774849858134985
1256,0.0003,42.32094882999999,326.47,1.5278691053390503,396595,23,396696,0.16623517870903015,16897,-7.810810089111328,0.007175219710916281
1260,0.0003,43.05389416,331.55,-0.3556749224662781,398275,23,398376,0.5280112028121948,16956,-7.8677897453308105,0.006854776758700609
1264,0.0003,43.19144155,332.5,0.627941370010376,399859,23,399960,0.20820176601409912,17013,-7.733570575714111,0.006930583156645298
